Country,1990,1991,1992,1993,1994,1995,1996,1997,1998,1999,2000,2001,2002,2003,2004,2005,2006,2007,2008,2009,2010,2011,2012,2013,2014
Afghanistan,,,,,,,,,,,,,,,,,,,,,,,,,<1000 [<500 - 2400]
Algeria,,,,,,,,,,,,,,,,,,,,,,,,,1000 [<100 - 6100]
Angola,6000 [3000 - 14 000],7200 [3600 - 16 000],8600 [4500 - 17 000],10 000 [5400 - 19 000],12 000 [6500 - 20 000],13 000 [7800 - 22 000],15 000 [9200 - 23 000],17 000 [11 000 - 25 000],18 000 [12 000 - 27 000],19 000 [13 000 - 27 000],20 000 [14 000 - 28 000],22 000 [16 000 - 30 000],23 000 [16 000 - 32 000],24 000 [17 000 - 33 000],25 000 [18 000 - 34 000],26 000 [18 000 - 35 000],26 000 [18 000 - 36 000],27 000 [19 000 - 37 000],28 000 [19 000 - 38 000],28 000 [19 000 - 39 000],28 000 [19 000 - 40 000],29 000 [19 000 - 41 000],29 000 [19 000 - 41 000],27 000 [18 000 - 40 000],26 000 [17 000 - 39 000]
Argentina,3900 [2400 - 5400],4300 [2600 - 5900],4700 [2900 - 6500],5100 [3200 - 7100],5600 [3500 - 7700],6000 [3700 - 8200],6000 [3700 - 8300],6100 [3800 - 8400],6200 [3800 - 8600],6300 [3900 - 8700],6400 [3900 - 8800],6100 [3700 - 8400],7100 [4400 - 9900],7300 [4400 - 10 000],6400 [3800 - 8800],6200 [3700 - 8600],5800 [3500 - 8200],6500 [3900 - 9100],6600 [4000 - 9300],6900 [4100 - 9700],6600 [4000 - 9300],6300 [3700 - 8800],5800 [3400 - 8100],6200 [3700 - 8800],6400 [3800 - 9000]
Armenia,<100 [<100 - <100],<100 [<100 - <1000],<100 [<100 - <500],<100 [<100 - <500],<100 [<100 - <500],<100 [<100 - <500],<100 [<100 - <1000],<200 [<100 - <1000],<200 [<100 - <1000],<500 [<100 - 1100],<500 [<200 - 1400],<500 [<500 - 1600],<1000 [<500 - 1500],<1000 [<500 - 1100],<500 [<500 - <1000],<500 [<200 - <1000],<500 [<200 - <500],<500 [<200 - <500],<500 [<200 - <500],<500 [<200 - <500],<500 [<200 - <500],<500 [<200 - <500],<500 [<200 - <1000],<500 [<200 - <1000],<500 [<200 - <1000]
Azerbaijan,<100 [<100 - <100],<100 [<100 - <100],<100 [<100 - <100],<100 [<100 - <100],<100 [<100 - <100],<100 [<100 - <200],<100 [<100 - <500],<200 [<100 - <500],<500 [<100 - <1000],<500 [<200 - <1000],<500 [<200 - <1000],<500 [<500 - <1000],<1000 [<500 - <1000],<1000 [<500 - <1000],<1000 [<500 - <1000],<1000 [<500 - <1000],<1000 [<500 - <1000],<1000 [<500 - 1000],<1000 [<500 - 1100],<1000 [<500 - 1100],<1000 [<1000 - 1200],<1000 [<1000 - 1200],<1000 [<1000 - 1200],<1000 [<1000 - 1200],<1000 [<1000 - 1300]
Bangladesh,,,,,,,,,,,,,,,,,,,,,,,,,1000 [<1000 - 1100]
Belarus,<100 [<100 - <200],<100 [<100 - <200],<100 [<100 - <500],<200 [<100 - <500],<500 [<100 - <1000],<500 [<200 - <1000],<1000 [<500 - 1000],<1000 [<1000 - 1400],1300 [<1000 - 1800],1600 [1200 - 2200],1900 [1400 - 2500],2200 [1700 - 2800],2300 [1800 - 3000],2400 [1800 - 3100],2300 [1800 - 3000],2300 [1800 - 2900],2300 [1800 - 3000],2300 [1800 - 3000],2400 [1900 - 3000],2500 [1900 - 3100],2600 [2000 - 3300],2800 [2200 - 3600],2900 [2200 - 3700],2800 [2100 - 3700],2800 [2000 - 3800]
Belize,<100 [<100 - <100],<100 [<100 - <100],<100 [<100 - <100],<100 [<100 - <100],<100 [<100 - <200],<100 [<100 - <500],<200 [<100 - <500],<500 [<200 - <1000],<500 [<500 - <1000],<500 [<500 - <1000],<500 [<500 - <1000],<500 [<200 - <500],<200 [<200 - <500],<200 [<200 - <200],<200 [<200 - <200],<200 [<200 - <200],<200 [<100 - <200],<200 [<100 - <200],<200 [<100 - <200],<100 [<100 - <200],<100 [<100 - <200],<100 [<100 - <200],<200 [<100 - <200],<100 [<100 - <200],<100 [<100 - <200]
Benin,2900 [2200 - 3600],3600 [2700 - 4400],4200 [3200 - 5100],5000 [4000 - 6000],5700 [4700 - 6700],6300 [5300 - 7500],6700 [5800 - 7900],6900 [6000 - 8100],6800 [5800 - 7800],6700 [5800 - 7700],6600 [5700 - 7500],6500 [5600 - 7400],6400 [5500 - 7200],6200 [5400 - 7100],6100 [5200 - 6900],5900 [5100 - 6800],5700 [4900 - 6600],5500 [4700 - 6400],5000 [4200 - 5900],5300 [4400 - 6400],4700 [3800 - 5800],4600 [3600 - 5700],4300 [3400 - 5500],4200 [3200 - 5400],3800 [2200 - 5300]
Bolivia (Plurinational State of),<200 [<100 - <500],<500 [<200 - <1000],<500 [<200 - <1000],<500 [<500 - <1000],<1000 [<500 - 1300],<1000 [<500 - 2000],<1000 [<1000 - 2800],<1000 [<1000 - 2900],1000 [<1000 - 2800],1100 [<1000 - 2500],1100 [<1000 - 2100],1200 [<1000 - 1900],1300 [<1000 - 1800],1500 [1100 - 2300],1700 [1100 - 2900],1400 [<1000 - 2800],1300 [<1000 - 2700],1400 [<1000 - 3000],1600 [<1000 - 3300],1600 [<1000 - 3400],1600 [<1000 - 3400],1600 [<1000 - 3400],1500 [<1000 - 3200],1400 [<1000 - 3100],1400 [<1000 - 3000]
Botswana,18 000 [16 000 - 19 000],23 000 [22 000 - 25 000],29 000 [27 000 - 31 000],34 000 [32 000 - 36 000],37 000 [35 000 - 40 000],39 000 [37 000 - 41 000],39 000 [37 000 - 41 000],37 000 [36 000 - 40 000],35 000 [34 000 - 37 000],33 000 [31 000 - 34 000],30 000 [28 000 - 31 000],27 000 [25 000 - 28 000],24 000 [23 000 - 25 000],22 000 [21 000 - 23 000],20 000 [19 000 - 21 000],17 000 [16 000 - 18 000],16 000 [15 000 - 17 000],16 000 [15 000 - 17 000],16 000 [15 000 - 17 000],15 000 [14 000 - 16 000],14 000 [13 000 - 15 000],15 000 [13 000 - 16 000],15 000 [13 000 - 16 000],14 000 [12 000 - 15 000],14 000 [12 000 - 15 000]
Brazil,[29 000 - 47 000],[25 000 - 41 000],[23 000 - 39 000],[23 000 - 40 000],[24 000 - 42 000],[25 000 - 44 000],[26 000 - 45 000],[27 000 - 47 000],[28 000 - 48 000],[29 000 - 50 000],[29 000 - 51 000],[30 000 - 52 000],[30 000 - 53 000],[31 000 - 54 000],[31 000 - 55 000],[31 000 - 55 000],[31 000 - 55 000],[31 000 - 56 000],[31 000 - 56 000],[31 000 - 56 000],[31 000 - 57 000],[31 000 - 57 000],[31 000 - 57 000],[31 000 - 58 000],[31 000 - 57 000]
Burkina Faso,28 000 [22 000 - 35 000],27 000 [21 000 - 35 000],26 000 [20 000 - 33 000],23 000 [18 000 - 29 000],20 000 [16 000 - 25 000],18 000 [15 000 - 21 000],15 000 [13 000 - 18 000],13 000 [11 000 - 15 000],11 000 [9000 - 13 000],9300 [7800 - 11 000],8100 [6700 - 9800],7200 [6000 - 8700],6600 [5600 - 8000],6100 [5200 - 7400],5800 [4800 - 6900],5600 [4600 - 6700],5400 [4500 - 6500],5300 [4300 - 6500],5400 [4400 - 6500],5200 [4100 - 6500],5800 [4600 - 7300],5700 [4500 - 7400],5500 [4200 - 7200],5600 [4200 - 7300],5300 [3900 - 7300]
Burundi,10 000 [6300 - 16 000],12 000 [7900 - 17 000],14 000 [10 000 - 18 000],16 000 [12 000 - 20 000],16 000 [13 000 - 20 000],17 000 [15 000 - 21 000],18 000 [15 000 - 21 000],17 000 [15 000 - 20 000],16 000 [14 000 - 19 000],14 000 [12 000 - 16 000],13 000 [11 000 - 15 000],11 000 [9600 - 13 000],10 000 [8500 - 12 000],8600 [7400 - 10 000],7400 [6300 - 8600],6200 [5100 - 7300],5200 [4200 - 6300],4500 [3500 - 5600],3800 [2900 - 4900],3300 [2500 - 4400],2800 [1900 - 3900],2400 [1700 - 3600],2100 [1500 - 3300],1800 [1200 - 2900],1500 [<1000 - 2500]
Cambodia,1000 [<500 - 2800],2900 [1100 - 9400],8000 [3400 - 26 000],15 000 [6600 - 37 000],21 000 [9800 - 43 000],23 000 [12 000 - 47 000],22 000 [11 000 - 42 000],18 000 [10 000 - 33 000],14 000 [8000 - 26 000],12 000 [7000 - 22 000],10 000 [6300 - 18 000],8400 [5300 - 15 000],7100 [4500 - 13 000],6100 [3900 - 11 000],5300 [3400 - 9800],4300 [2800 - 8100],3600 [2300 - 6900],3000 [1800 - 5800],2500 [1500 - 4900],2000 [1200 - 4100],1700 [<1000 - 3500],1300 [<1000 - 2800],1100 [<1000 - 2600],<1000 [<1000 - 2300],<1000 [<500 - 2200]
Cameroon,36 000 [29 000 - 40 000],41 000 [34 000 - 45 000],45 000 [38 000 - 50 000],49 000 [42 000 - 53 000],52 000 [46 000 - 57 000],54 000 [50 000 - 59 000],56 000 [52 000 - 61 000],57 000 [53 000 - 62 000],57 000 [53 000 - 62 000],57 000 [53 000 - 62 000],56 000 [52 000 - 61 000],56 000 [52 000 - 60 000],55 000 [51 000 - 59 000],54 000 [50 000 - 58 000],53 000 [49 000 - 57 000],52 000 [48 000 - 56 000],51 000 [48 000 - 55 000],51 000 [47 000 - 55 000],50 000 [46 000 - 55 000],50 000 [46 000 - 55 000],48 000 [43 000 - 53 000],49 000 [43 000 - 54 000],49 000 [42 000 - 55 000],48 000 [41 000 - 54 000],48 000 [41 000 - 55 000]
Cape Verde,,,,,,,,,,,,,,,,,,,,,,,,,<500 [<200 - <500]
Central African Republic,18 000 [14 000 - 26 000],21 000 [16 000 - 30 000],24 000 [18 000 - 33 000],26 000 [20 000 - 36 000],28 000 [21 000 - 36 000],28 000 [22 000 - 35 000],27 000 [22 000 - 32 000],24 000 [21 000 - 28 000],21 000 [19 000 - 24 000],19 000 [17 000 - 21 000],17 000 [14 000 - 18 000],15 000 [12 000 - 16 000],13 000 [11 000 - 14 000],11 000 [9600 - 13 000],10 000 [9000 - 12 000],9600 [8600 - 11 000],9100 [8200 - 10 000],8900 [8100 - 9700],8800 [7900 - 9700],8700 [7800 - 9700],8800 [7800 - 9900],8800 [7700 - 10 000],8700 [7600 - 10 000],8700 [7500 - 10 000],8200 [7000 - 9800]
Chad,9100 [6500 - 13 000],10 000 [7400 - 15 000],11 000 [8300 - 16 000],13 000 [9700 - 18 000],15 000 [11 000 - 19 000],17 000 [13 000 - 21 000],18 000 [15 000 - 22 000],20 000 [16 000 - 24 000],21 000 [18 000 - 25 000],22 000 [19 000 - 26 000],23 000 [20 000 - 27 000],24 000 [20 000 - 28 000],24 000 [19 000 - 28 000],23 000 [19 000 - 28 000],22 000 [18 000 - 26 000],21 000 [17 000 - 25 000],20 000 [16 000 - 24 000],18 000 [15 000 - 23 000],17 000 [13 000 - 21 000],16 000 [12 000 - 21 000],16 000 [12 000 - 20 000],15 000 [11 000 - 20 000],14 000 [11 000 - 19 000],14 000 [9800 - 18 000],14 000 [9900 - 18 000]
Chile,1300 [<500 - 5200],1400 [<500 - 4700],1400 [<1000 - 3200],1500 [<1000 - 2700],1500 [1000 - 2500],1600 [1100 - 2400],1600 [1100 - 2400],1700 [1200 - 2500],1700 [1200 - 2500],1800 [1300 - 2400],1800 [1300 - 2400],1800 [1400 - 2400],1900 [1400 - 2400],1900 [1500 - 2400],2000 [1500 - 2500],2000 [1500 - 2500],2100 [1500 - 2600],2100 [1500 - 2700],2200 [1500 - 2800],2200 [1500 - 2900],2200 [1500 - 3000],2300 [1500 - 3100],2300 [1500 - 3200],2300 [1600 - 3200],2400 [1600 - 3300]
Colombia,4700 [3100 - 8700],5800 [3800 - 9900],7000 [4400 - 11 000],8700 [5400 - 14 000],11 000 [7200 - 20 000],17 000 [10 000 - 29 000],22 000 [13 000 - 35 000],21 000 [12 000 - 32 000],16 000 [10 000 - 26 000],12 000 [8100 - 18 000],9500 [7100 - 14 000],8600 [6600 - 12 000],7900 [5900 - 11 000],7700 [5600 - 10 000],7600 [5600 - 10 000],7600 [5400 - 10 000],7600 [5400 - 10 000],7500 [5300 - 10 000],7300 [5100 - 10 000],7300 [5100 - 10 000],7300 [5000 - 10 000],7100 [4800 - 9800],6800 [4600 - 9500],6800 [4600 - 9500],6500 [4300 - 9000]
Congo,11 000 [9200 - 12 000],11 000 [9600 - 12 000],11 000 [10 000 - 13 000],11 000 [9900 - 13 000],11 000 [10 000 - 13 000],11 000 [9800 - 13 000],11 000 [9400 - 12 000],10 000 [9100 - 12 000],9900 [8600 - 11 000],9200 [8100 - 11 000],8500 [7500 - 9700],7800 [6900 - 8800],7100 [6300 - 7900],6500 [5800 - 7200],6000 [5400 - 6600],5600 [5000 - 6200],5300 [4700 - 5900],5100 [4500 - 5700],4900 [4300 - 5600],4800 [4200 - 5500],4700 [4100 - 5400],4700 [4100 - 5500],4600 [4000 - 5400],4200 [3600 - 5000],4500 [3800 - 5500]
Costa Rica,,,,,,,,,,,,,,,,,,,,,,,,,<500 [<500 - <1000]
Cuba,<200 [<100 - <500],<200 [<100 - <500],<200 [<100 - <500],<200 [<100 - <500],<500 [<200 - <500],<500 [<200 - <500],<500 [<500 - <500],<500 [<500 - <500],<500 [<500 - <500],<500 [<500 - <500],<500 [<500 - <500],<500 [<500 - <1000],<1000 [<500 - <1000],<1000 [<1000 - <1000],<1000 [<1000 - <1000],<1000 [<1000 - <1000],<1000 [<1000 - 1000],<1000 [<1000 - 1200],1100 [<1000 - 1300],1300 [1100 - 1600],1500 [1300 - 1800],1500 [1200 - 1800],1700 [1400 - 2200],1900 [1500 - 2500],2100 [1600 - 2800]
CÃ´te d'Ivoire,40 000 [33 000 - 50 000],45 000 [37 000 - 55 000],49 000 [42 000 - 59 000],53 000 [46 000 - 63 000],57 000 [49 000 - 65 000],58 000 [51 000 - 66 000],59 000 [53 000 - 65 000],58 000 [52 000 - 64 000],57 000 [51 000 - 63 000],54 000 [49 000 - 60 000],52 000 [47 000 - 57 000],49 000 [44 000 - 53 000],45 000 [41 000 - 50 000],42 000 [38 000 - 47 000],39 000 [36 000 - 43 000],36 000 [33 000 - 40 000],34 000 [31 000 - 38 000],32 000 [28 000 - 35 000],29 000 [26 000 - 33 000],28 000 [24 000 - 31 000],28 000 [24 000 - 32 000],28 000 [24 000 - 32 000],27 000 [23 000 - 31 000],26 000 [23 000 - 30 000],25 000 [21 000 - 29 000]
Democratic Republic of the Congo,45 000 [40 000 - 49 000],45 000 [40 000 - 50 000],49 000 [44 000 - 54 000],49 000 [44 000 - 54 000],49 000 [44 000 - 53 000],48 000 [43 000 - 53 000],48 000 [43 000 - 53 000],47 000 [42 000 - 52 000],46 000 [41 000 - 51 000],45 000 [40 000 - 50 000],44 000 [39 000 - 49 000],43 000 [38 000 - 48 000],42 000 [37 000 - 47 000],42 000 [37 000 - 46 000],40 000 [36 000 - 45 000],39 000 [35 000 - 44 000],38 000 [34 000 - 43 000],37 000 [33 000 - 42 000],36 000 [32 000 - 41 000],36 000 [31 000 - 40 000],34 000 [30 000 - 38 000],33 000 [29 000 - 38 000],33 000 [28 000 - 37 000],31 000 [26 000 - 35 000],29 000 [25 000 - 33 000]
Denmark,,,,,,,,,,,,,,,,,,,,,,,,,<500 [<500 - <500]
Djibouti,<500 [<500 - <1000],<1000 [<500 - <1000],<1000 [<1000 - 1300],1100 [<1000 - 1800],1500 [1100 - 2100],1700 [1300 - 2400],1900 [1400 - 2500],1900 [1500 - 2600],1900 [1500 - 2500],1700 [1300 - 2200],1400 [1000 - 1900],1200 [<1000 - 1700],1000 [<1000 - 1500],<1000 [<1000 - 1300],<1000 [<500 - 1200],<1000 [<500 - 1100],<1000 [<500 - <1000],<1000 [<500 - <1000],<1000 [<500 - <1000],<1000 [<500 - <1000],<1000 [<500 - <1000],<1000 [<500 - 1000],<1000 [<500 - 1100],<1000 [<500 - 1100],<1000 [<500 - 1100]
Dominican Republic,6200 [4200 - 9700],7700 [5100 - 12 000],9100 [6000 - 14 000],10 000 [7000 - 16 000],11 000 [7700 - 16 000],12 000 [8500 - 17 000],12 000 [8800 - 17 000],12 000 [8900 - 16 000],11 000 [8300 - 15 000],10 000 [7700 - 14 000],8800 [6800 - 12 000],7700 [5800 - 11 000],6500 [4800 - 9500],5500 [3900 - 8300],4600 [3300 - 7100],4000 [2800 - 6200],3500 [2500 - 5400],3100 [2300 - 4700],2900 [2100 - 4300],2700 [2000 - 4100],2600 [1900 - 3700],2400 [1800 - 3500],2400 [1800 - 3500],2500 [1800 - 3700],2400 [1800 - 3600]
Ecuador,,,,,,,,,,,,,,,,,,,,,,,,,1800 [<1000 - 2800]
Egypt,<100 [<100 - <200],<100 [<100 - <200],<100 [<100 - <200],<200 [<100 - <200],<200 [<100 - <500],<200 [<100 - <500],<200 [<200 - <500],<500 [<200 - <500],<500 [<200 - <500],<500 [<200 - <500],<500 [<500 - <1000],<500 [<500 - <1000],<500 [<500 - <1000],<500 [<500 - <1000],<500 [<500 - <1000],<1000 [<500 - <1000],<1000 [<500 - <1000],<1000 [<500 - 1000],<1000 [<500 - 1100],<1000 [<500 - 1200],<1000 [<500 - 1400],<1000 [<1000 - 1500],<1000 [<1000 - 1700],1100 [<1000 - 1900],1200 [<1000 - 2200]
El Salvador,<1000 [<1000 - 1200],<1000 [<1000 - 1300],1100 [<1000 - 1400],1200 [<1000 - 1600],1400 [<1000 - 1800],1500 [1100 - 1900],1600 [1200 - 2000],1700 [1400 - 2200],1800 [1400 - 2300],1900 [1300 - 2400],1900 [1200 - 2500],1900 [1100 - 2600],1900 [<1000 - 2600],1800 [<1000 - 2700],1700 [<1000 - 2700],1600 [<1000 - 2700],1500 [<1000 - 2700],1400 [<1000 - 2700],1300 [<500 - 2600],1200 [<500 - 2500],1100 [<500 - 2400],1000 [<500 - 2200],<1000 [<500 - 2000],<1000 [<500 - 1800],<1000 [<200 - 1700]
Equatorial Guinea,,,,,,,,,,,,,,,,,,,,,,,,,1600 [1200 - 1900]
Eritrea,1900 [<1000 - 4300],2300 [1100 - 4800],2500 [1400 - 4800],2800 [1700 - 4800],2800 [1700 - 4500],2700 [1800 - 4300],2700 [1800 - 4100],2400 [1700 - 3600],2200 [1600 - 3200],2000 [1400 - 2800],1800 [1300 - 2500],1600 [1200 - 2300],1400 [<1000 - 2000],1200 [<1000 - 1800],1100 [<1000 - 1600],<1000 [<1000 - 1300],<1000 [<1000 - 1100],<1000 [<500 - <1000],<1000 [<500 - <1000],<1000 [<500 - <1000],<1000 [<500 - <1000],<1000 [<500 - <1000],<500 [<500 - <1000],<500 [<500 - <1000],<500 [<500 - <1000]
Fiji,,,,,,,,,,,,,,,,,,,,,,,,,<100 [<100 - <200]
Gabon,1700 [1400 - 2300],2200 [1800 - 2800],2700 [2200 - 3500],3300 [2700 - 4200],4000 [3300 - 4900],4500 [3800 - 5600],5000 [4200 - 6100],5400 [4600 - 6600],5700 [4800 - 6800],5800 [5000 - 7000],5700 [4900 - 6900],5500 [4700 - 6600],5200 [4400 - 6100],4700 [4000 - 5600],4300 [3700 - 5100],3900 [3300 - 4500],3400 [2900 - 4000],3000 [2600 - 3500],2700 [2200 - 3200],2400 [1800 - 2900],2100 [1600 - 2600],1900 [1400 - 2500],1800 [1200 - 2300],1600 [1000 - 2200],1500 [<1000 - 2100]
Gambia,<500 [<200 - <500],<500 [<500 - <500],<500 [<500 - <1000],<1000 [<500 - <1000],<1000 [<1000 - 1000],<1000 [<1000 - 1300],1200 [<1000 - 1600],1400 [1100 - 1900],1700 [1300 - 2200],1900 [1500 - 2400],2000 [1600 - 2600],2100 [1700 - 2700],2200 [1700 - 2700],2100 [1700 - 2700],2200 [1700 - 2700],2200 [1700 - 2700],2000 [1600 - 2500],1900 [1500 - 2400],1800 [1400 - 2200],1700 [1300 - 2100],1600 [1200 - 2000],1500 [1100 - 1900],1400 [1000 - 1800],1400 [1100 - 1700],1400 [1100 - 1700]
Georgia,<200 [<100 - <500],<200 [<100 - <200],<200 [<100 - <200],<200 [<200 - <200],<200 [<100 - <200],<200 [<100 - <200],<200 [<100 - <500],<200 [<200 - <500],<200 [<200 - <500],<500 [<200 - <500],<500 [<200 - <500],<500 [<500 - <500],<500 [<500 - <500],<500 [<500 - <500],<500 [<500 - <1000],<500 [<500 - <1000],<500 [<500 - <1000],<500 [<500 - <1000],<1000 [<500 - <1000],<1000 [<500 - <1000],<1000 [<500 - <1000],<1000 [<500 - <1000],<1000 [<500 - <1000],<1000 [<500 - <1000],<1000 [<500 - <1000]
Ghana,21 000 [15 000 - 29 000],23 000 [17 000 - 31 000],25 000 [19 000 - 33 000],27 000 [20 000 - 35 000],30 000 [22 000 - 38 000],30 000 [22 000 - 38 000],30 000 [23 000 - 38 000],29 000 [23 000 - 36 000],28 000 [22 000 - 35 000],27 000 [21 000 - 34 000],26 000 [20 000 - 32 000],24 000 [19 000 - 31 000],23 000 [18 000 - 30 000],22 000 [17 000 - 29 000],21 000 [16 000 - 28 000],20 000 [15 000 - 27 000],19 000 [14 000 - 26 000],18 000 [13 000 - 25 000],17 000 [12 000 - 24 000],16 000 [12 000 - 23 000],15 000 [11 000 - 22 000],13 000 [9000 - 20 000],12 000 [8100 - 19 000],12 000 [7900 - 18 000],11 000 [7400 - 18 000]
Guatemala,<200 [<100 - <500],<500 [<100 - <1000],<500 [<200 - 1000],<1000 [<500 - 1600],1200 [<500 - 2500],1800 [<1000 - 3600],2500 [1100 - 5100],3200 [1600 - 6100],3900 [2100 - 6800],4600 [2600 - 7800],5000 [2900 - 8600],4800 [2800 - 7900],4500 [2700 - 7600],4400 [2600 - 7300],4000 [2400 - 6800],3500 [2100 - 5900],3200 [1800 - 5600],3100 [1800 - 5300],3000 [1700 - 4900],2900 [1600 - 4600],3000 [1600 - 4700],2900 [1500 - 4600],2900 [1500 - 4600],2900 [1500 - 4500],2900 [1500 - 4600]
Guinea,,,,,,,,,,,,,,,,,,,,,,,,,7200 [5200 - 9800]
Guinea-Bissau,<500 [<500 - <1000],<1000 [<500 - <1000],<1000 [<1000 - 1100],1000 [<1000 - 1400],1200 [<1000 - 1700],1600 [1200 - 2000],1900 [1500 - 2400],2200 [1800 - 2800],2700 [2200 - 3200],3100 [2600 - 3600],3500 [2900 - 4000],3800 [3300 - 4400],4100 [3500 - 4600],4300 [3700 - 4800],4300 [3900 - 4800],4300 [3900 - 4800],4300 [3800 - 4800],4200 [3800 - 4700],4100 [3600 - 4600],3900 [3500 - 4500],3700 [3200 - 4300],3600 [3000 - 4200],3400 [2800 - 4100],2900 [2300 - 3600],3000 [2400 - 3800]
Guyana,<100 [<100 - <100],<100 [<100 - <100],<100 [<100 - <100],<100 [<100 - <200],<200 [<100 - <200],<200 [<200 - <500],<500 [<200 - <500],<500 [<500 - <1000],<500 [<500 - <1000],<1000 [<500 - <1000],<1000 [<500 - 1100],<1000 [<1000 - 1100],<1000 [<1000 - 1200],<1000 [<1000 - 1200],<1000 [<1000 - 1100],<1000 [<500 - 1000],<1000 [<500 - <1000],<1000 [<500 - <1000],<1000 [<500 - <1000],<1000 [<500 - <1000],<1000 [<500 - <1000],<1000 [<500 - 1100],<1000 [<500 - 1300],<1000 [<1000 - 1500],<1000 [<1000 - 1700]
Haiti,17 000 [12 000 - 24 000],19 000 [14 000 - 25 000],20 000 [16 000 - 25 000],21 000 [18 000 - 25 000],21 000 [18 000 - 24 000],21 000 [18 000 - 24 000],18 000 [16 000 - 21 000],18 000 [16 000 - 21 000],16 000 [14 000 - 19 000],14 000 [12 000 - 16 000],13 000 [11 000 - 15 000],12 000 [9700 - 14 000],11 000 [9000 - 12 000],9500 [8300 - 11 000],9500 [8400 - 11 000],8500 [7600 - 9600],8700 [7900 - 9900],8700 [7700 - 10 000],8300 [7200 - 9500],8400 [7000 - 9800],8700 [7400 - 10 000],8100 [6600 - 9700],7500 [5900 - 9500],7100 [5000 - 9500],6800 [4100 - 9800]
Honduras,5500 [4000 - 7600],6000 [4600 - 7600],5700 [4700 - 7100],5500 [4500 - 6500],5100 [4200 - 6000],4700 [3900 - 5500],4200 [3500 - 4900],3600 [3000 - 4200],3000 [2500 - 3600],2500 [2100 - 3000],2100 [1700 - 2500],1700 [1400 - 2000],1400 [1200 - 1700],1200 [<1000 - 1500],1100 [<1000 - 1400],<1000 [<1000 - 1300],<1000 [<1000 - 1200],<1000 [<1000 - 1100],<1000 [<1000 - 1000],<1000 [<500 - <1000],<1000 [<500 - <1000],<1000 [<500 - <1000],<1000 [<500 - <1000],<1000 [<500 - <1000],<1000 [<500 - <1000]
Indonesia,<100 [<100 - <100],<200 [<100 - <200],<500 [<500 - <500],<500 [<500 - <500],<1000 [<1000 - 1000],1800 [1700 - 2000],3300 [3000 - 3500],5100 [4700 - 5700],7400 [6700 - 8000],10 000 [8900 - 11 000],14 000 [13 000 - 16 000],22 000 [20 000 - 25 000],37 000 [34 000 - 41 000],50 000 [46 000 - 55 000],55 000 [50 000 - 60 000],59 000 [53 000 - 65 000],63 000 [57 000 - 69 000],66 000 [60 000 - 73 000],63 000 [57 000 - 69 000],67 000 [61 000 - 73 000],68 000 [62 000 - 75 000],69 000 [62 000 - 75 000],69 000 [62 000 - 75 000],69 000 [62 000 - 75 000],69 000 [63 000 - 76 000]
Iran (Islamic Republic of),<500 [<200 - 2500],<500 [<200 - 2700],<500 [<200 - 2000],<500 [<200 - 1800],<1000 [<500 - 2400],<1000 [<500 - 3800],1400 [<500 - 5600],2200 [<1000 - 6500],3300 [1400 - 7000],4600 [2300 - 8100],5400 [3300 - 8300],5800 [3700 - 8500],5900 [3700 - 8500],5800 [3700 - 8100],5800 [3800 - 8100],6100 [4100 - 8700],6200 [4200 - 9100],6400 [4300 - 9700],6400 [4300 - 10 000],6900 [4600 - 12 000],7200 [4700 - 13 000],7300 [4600 - 14 000],7300 [4500 - 15 000],7400 [4400 - 16 000],7400 [4300 - 16 000]
Ireland,,,,,,,,,,,,,,,,,,,,,,,,,<500 [<100 - <1000]
Jamaica,3900 [2700 - 10 000],4400 [3300 - 9800],3500 [2800 - 5300],3600 [3000 - 4800],3700 [3100 - 4800],3700 [3200 - 4500],3600 [3100 - 4500],3500 [3000 - 4400],3400 [2800 - 4200],3200 [2700 - 4000],3000 [2500 - 3800],2800 [2300 - 3600],2500 [2100 - 3400],2400 [2000 - 3200],2200 [1800 - 3000],2000 [1700 - 2800],1900 [1500 - 2600],1700 [1400 - 2500],1600 [1300 - 2300],1600 [1300 - 2300],1500 [1200 - 2200],1500 [1200 - 2100],1500 [1200 - 2100],1500 [1200 - 2100],1500 [1100 - 2100]
Kazakhstan,<200 [<100 - <500],<200 [<100 - <500],<200 [<200 - <500],<500 [<200 - <500],<500 [<200 - <500],<500 [<500 - <1000],<1000 [<500 - <1000],<1000 [<500 - <1000],<1000 [<1000 - 1000],1200 [<1000 - 1700],1500 [1100 - 2100],1700 [1300 - 2200],1400 [1000 - 1500],1300 [1100 - 1600],1400 [1200 - 1600],1400 [1200 - 1600],1400 [1300 - 1700],1500 [1400 - 1800],1600 [1500 - 1900],1800 [1600 - 2000],1900 [1700 - 2200],2000 [1700 - 2300],2100 [1800 - 2500],2200 [1800 - 2700],2300 [1800 - 3000]
Kenya,190 000 [160 000 - 220 000],220 000 [190 000 - 260 000],240 000 [210 000 - 280 000],250 000 [220 000 - 290 000],240 000 [210 000 - 270 000],210 000 [190 000 - 240 000],180 000 [160 000 - 200 000],150 000 [120 000 - 170 000],120 000 [96 000 - 150 000],100 000 [83 000 - 120 000],90 000 [77 000 - 110 000],85 000 [74 000 - 100 000],81 000 [69 000 - 95 000],78 000 [66 000 - 92 000],75 000 [64 000 - 89 000],73 000 [60 000 - 98 000],73 000 [49 000 - 97 000],74 000 [46 000 - 94 000],64 000 [48 000 - 80 000],62 000 [49 000 - 75 000],63 000 [53 000 - 76 000],56 000 [46 000 - 68 000],57 000 [46 000 - 69 000],58 000 [48 000 - 69 000],56 000 [47 000 - 67 000]
Kyrgyzstan,<100 [<100 - <100],<100 [<100 - <100],<100 [<100 - <100],<100 [<100 - <100],<100 [<100 - <200],<100 [<100 - <200],<100 [<100 - <200],<100 [<100 - <200],<200 [<100 - <500],<200 [<200 - <500],<500 [<200 - <500],<500 [<500 - <500],<500 [<500 - <500],<500 [<500 - <1000],<1000 [<500 - <1000],<1000 [<500 - <1000],1100 [<1000 - 1600],1300 [<1000 - 1600],1100 [<1000 - 1400],1100 [<1000 - 1400],1100 [<1000 - 1400],1000 [<1000 - 1400],<1000 [<1000 - 1300],<1000 [<1000 - 1300],<1000 [<500 - 1400]
Lao People's Democratic Republic,,,,,,,,,,,,,,,,,,,,,,,,,<1000 [<1000 - 1000]
Lebanon,,,,,,,,,,,,,,,,,,,,,,,,,<200 [<100 - <500]
Lesotho,4700 [3400 - 6300],8700 [7000 - 11 000],15 000 [13 000 - 18 000],25 000 [21 000 - 29 000],35 000 [28 000 - 41 000],40 000 [34 000 - 47 000],40 000 [35 000 - 44 000],34 000 [31 000 - 37 000],28 000 [25 000 - 31 000],25 000 [22 000 - 28 000],23 000 [21 000 - 26 000],23 000 [21 000 - 25 000],23 000 [22 000 - 25 000],24 000 [22 000 - 26 000],24 000 [23 000 - 26 000],25 000 [23 000 - 26 000],25 000 [23 000 - 26 000],24 000 [22 000 - 25 000],23 000 [21 000 - 24 000],21 000 [20 000 - 23 000],20 000 [19 000 - 22 000],19 000 [17 000 - 21 000],19 000 [18 000 - 21 000],19 000 [18 000 - 21 000],19 000 [17 000 - 20 000]
Liberia,1700 [1200 - 2400],2100 [1600 - 3000],2600 [1900 - 3600],3000 [2300 - 4200],3400 [2600 - 4700],3900 [3000 - 5200],4300 [3400 - 5600],4700 [3800 - 5800],5000 [4200 - 6000],4900 [4200 - 5700],4800 [4200 - 5400],4300 [3800 - 4900],3900 [3400 - 4400],3400 [2900 - 3900],3100 [2500 - 3600],2700 [2200 - 3200],2400 [2000 - 2900],2200 [1800 - 2600],2000 [1600 - 2400],1900 [1500 - 2300],1800 [1400 - 2200],1700 [1300 - 2200],1700 [1300 - 2200],1700 [1300 - 2200],1700 [1200 - 2200]
Madagascar,2400 [1900 - 3000],3400 [2700 - 4100],4300 [3500 - 5300],5000 [4100 - 6200],5600 [4400 - 7000],5800 [4500 - 7600],5800 [4300 - 7700],5400 [3900 - 7400],5100 [3700 - 6900],4800 [3600 - 6300],4500 [3500 - 5600],4200 [3500 - 5000],4000 [3400 - 4600],3800 [3200 - 4500],3600 [2900 - 4400],3500 [2700 - 4300],3300 [2600 - 4000],3100 [2500 - 3700],3000 [2500 - 3500],2900 [2400 - 3300],2800 [2300 - 3200],2700 [2200 - 3300],2700 [2200 - 3300],2700 [2200 - 3400],2800 [2200 - 3600]
Malawi,110 000 [98 000 - 120 000],120 000 [110 000 - 130 000],120 000 [110 000 - 140 000],120 000 [110 000 - 140 000],120 000 [110 000 - 130 000],120 000 [110 000 - 130 000],120 000 [110 000 - 130 000],120 000 [110 000 - 120 000],110 000 [100 000 - 120 000],110 000 [100 000 - 120 000],100 000 [96 000 - 110 000],99 000 [92 000 - 110 000],95 000 [89 000 - 100 000],92 000 [86 000 - 98 000],89 000 [82 000 - 95 000],85 000 [79 000 - 91 000],81 000 [75 000 - 88 000],77 000 [71 000 - 84 000],72 000 [66 000 - 79 000],68 000 [62 000 - 75 000],65 000 [59 000 - 72 000],59 000 [52 000 - 66 000],51 000 [44 000 - 57 000],46 000 [39 000 - 52 000],42 000 [35 000 - 49 000]
Malaysia,,,,,,,,,,,,,,,,,,,,,,,,,6200 [5700 - 6800]
Mali,15 000 [6400 - 24 000],16 000 [7900 - 25 000],15 000 [8500 - 22 000],15 000 [9700 - 20 000],14 000 [10 000 - 18 000],12 000 [9200 - 15 000],11 000 [8100 - 13 000],9500 [7100 - 12 000],8700 [6500 - 11 000],8200 [6300 - 11 000],8000 [6300 - 11 000],8000 [6400 - 10 000],8100 [6500 - 10 000],8300 [6800 - 11 000],8600 [7000 - 11 000],8800 [7200 - 11 000],9200 [7500 - 11 000],9400 [7600 - 12 000],9800 [7600 - 12 000],10 000 [7800 - 13 000],11 000 [8300 - 14 000],11 000 [8300 - 15 000],11 000 [8300 - 16 000],12 000 [8500 - 17 000],12 000 [8300 - 18 000]
Mauritania,,,,,,,,,,,,,,,,,,,,,,,,,<1000 [<500 - 1800]
Mauritius,<100 [<100 - <200],<200 [<200 - <500],<500 [<200 - <500],<500 [<500 - <500],<500 [<500 - <1000],<1000 [<1000 - <1000],<1000 [<1000 - 1200],1100 [<1000 - 1300],1200 [1000 - 1400],1300 [1100 - 1400],1200 [<1000 - 1300],1100 [<1000 - 1200],1000 [<1000 - 1200],<1000 [<1000 - 1100],<1000 [<1000 - 1100],<1000 [<1000 - <1000],<1000 [<1000 - <1000],<1000 [<1000 - <1000],<1000 [<1000 - <1000],<1000 [<1000 - <1000],<1000 [<500 - <1000],<500 [<500 - <1000],<500 [<500 - <1000],<500 [<500 - <500],<500 [<200 - <500]
Mexico,34 000 [27 000 - 51 000],32 000 [26 000 - 47 000],30 000 [24 000 - 44 000],28 000 [23 000 - 39 000],26 000 [21 000 - 37 000],24 000 [19 000 - 34 000],22 000 [17 000 - 31 000],20 000 [15 000 - 27 000],17 000 [12 000 - 24 000],15 000 [11 000 - 22 000],14 000 [10 000 - 20 000],12 000 [8500 - 18 000],11 000 [7300 - 16 000],10 000 [6300 - 15 000],9200 [5500 - 14 000],8700 [5000 - 13 000],8200 [4600 - 12 000],8000 [4400 - 12 000],7800 [4300 - 12 000],7800 [4300 - 12 000],7800 [4300 - 12 000],7700 [4300 - 12 000],7700 [4400 - 11 000],7700 [4400 - 11 000],7500 [4400 - 11 000]
Morocco,<500 [<200 - <500],<500 [<500 - <1000],<1000 [<500 - <1000],<1000 [<500 - <1000],<1000 [<500 - 1200],<1000 [<1000 - 1400],1200 [<1000 - 1700],1400 [<1000 - 2000],1700 [1100 - 2300],2000 [1400 - 2600],2300 [1600 - 3000],2500 [1700 - 3200],2500 [1800 - 3100],2400 [1700 - 3100],2400 [1700 - 3100],2300 [1600 - 3000],2300 [1600 - 3000],2200 [1500 - 2800],2200 [1500 - 2900],2200 [1400 - 2800],2200 [1400 - 2800],2100 [1400 - 2900],2100 [1300 - 2800],2100 [1300 - 2800],2000 [1300 - 2800]
Mozambique,26 000 [22 000 - 31 000],34 000 [28 000 - 40 000],43 000 [36 000 - 51 000],54 000 [46 000 - 64 000],68 000 [58 000 - 81 000],82 000 [71 000 - 97 000],96 000 [83 000 - 110 000],110 000 [96 000 - 130 000],120 000 [110 000 - 140 000],130 000 [110 000 - 150 000],140 000 [120 000 - 160 000],150 000 [130 000 - 170 000],150 000 [130 000 - 170 000],150 000 [130 000 - 170 000],140 000 [130 000 - 160 000],140 000 [120 000 - 160 000],140 000 [120 000 - 160 000],130 000 [110 000 - 150 000],120 000 [100 000 - 140 000],120 000 [99 000 - 140 000],120 000 [99 000 - 140 000],110 000 [94 000 - 130 000],100 000 [83 000 - 120 000],96 000 [78 000 - 120 000],88 000 [70 000 - 110 000]
Myanmar,14 000 [13 000 - 16 000],17 000 [15 000 - 19 000],16 000 [15 000 - 18 000],15 000 [14 000 - 16 000],17 000 [15 000 - 18 000],18 000 [16 000 - 19 000],19 000 [17 000 - 20 000],22 000 [20 000 - 24 000],23 000 [21 000 - 26 000],27 000 [24 000 - 29 000],29 000 [26 000 - 31 000],28 000 [25 000 - 30 000],26 000 [23 000 - 28 000],23 000 [21 000 - 25 000],21 000 [19 000 - 23 000],19 000 [17 000 - 21 000],17 000 [16 000 - 19 000],16 000 [14 000 - 17 000],14 000 [12 000 - 15 000],13 000 [11 000 - 14 000],12 000 [10 000 - 13 000],11 000 [9800 - 12 000],10 000 [9000 - 11 000],9500 [8500 - 10 000],8700 [7800 - 9500]
Namibia,4800 [4100 - 5700],7300 [6400 - 8400],11 000 [9500 - 12 000],15 000 [13 000 - 16 000],19 000 [17 000 - 21 000],22 000 [20 000 - 25 000],25 000 [22 000 - 27 000],25 000 [23 000 - 28 000],25 000 [23 000 - 27 000],23 000 [21 000 - 25 000],21 000 [19 000 - 22 000],18 000 [17 000 - 20 000],17 000 [16 000 - 18 000],15 000 [14 000 - 17 000],14 000 [13 000 - 15 000],13 000 [12 000 - 14 000],12 000 [11 000 - 13 000],11 000 [10 000 - 12 000],11 000 [9600 - 12 000],12 000 [10 000 - 13 000],12 000 [11 000 - 13 000],11 000 [10 000 - 13 000],11 000 [9900 - 12 000],11 000 [9800 - 12 000],11 000 [9600 - 12 000]
Nepal,<100 [<100 - <100],<100 [<100 - <100],<100 [<100 - <100],<500 [<200 - <500],<500 [<500 - <500],<1000 [<1000 - 1000],2000 [1800 - 2200],3900 [3600 - 4300],6200 [5600 - 6800],7300 [6600 - 8000],7300 [6600 - 8000],7200 [6500 - 7900],7000 [6300 - 7700],7000 [6400 - 7700],6500 [5900 - 7100],5500 [4900 - 6000],4200 [3800 - 4600],4000 [3600 - 4400],3400 [3100 - 3700],2700 [2400 - 2900],2500 [2200 - 2700],2200 [2000 - 2400],1900 [1700 - 2000],1600 [1400 - 1800],1500 [1300 - 1600]
Nicaragua,<1000 [<500 - 1300],<1000 [<1000 - 1400],<1000 [<1000 - 1600],1100 [<1000 - 1700],1200 [<1000 - 1900],1200 [<1000 - 1900],1300 [<1000 - 2000],1300 [<1000 - 2000],1200 [<1000 - 1900],1000 [<1000 - 1700],<1000 [<1000 - 1500],<1000 [<1000 - 1400],<1000 [<500 - 1300],<1000 [<500 - 1200],<1000 [<500 - 1100],<1000 [<500 - 1000],<1000 [<500 - <1000],<1000 [<500 - <1000],<1000 [<500 - <1000],<1000 [<500 - <1000],<1000 [<500 - <1000],<1000 [<500 - 1000],<1000 [<500 - 1000],<1000 [<500 - 1100],<1000 [<500 - 1200]
Niger,2700 [2100 - 3300],3500 [2800 - 4300],4500 [3600 - 5500],5500 [4500 - 6600],6600 [5500 - 8000],7600 [6300 - 9000],8400 [7100 - 9900],9100 [7800 - 11 000],9400 [8200 - 11 000],9600 [8400 - 11 000],9400 [8200 - 11 000],8900 [7700 - 10 000],8100 [7100 - 9200],7100 [6200 - 8300],6100 [5300 - 7000],5000 [4400 - 5800],4100 [3500 - 4700],3300 [2900 - 3800],2900 [2500 - 3400],2500 [2200 - 3000],1900 [1600 - 2300],1900 [1600 - 2300],1800 [1500 - 2100],1700 [1400 - 2000],1300 [1100 - 1600]
Nigeria,130 000 [93 000 - 190 000],160 000 [110 000 - 220 000],190 000 [130 000 - 250 000],210 000 [150 000 - 280 000],240 000 [170 000 - 300 000],270 000 [200 000 - 320 000],300 000 [220 000 - 340 000],320 000 [250 000 - 350 000],320 000 [280 000 - 360 000],330 000 [290 000 - 360 000],330 000 [290 000 - 360 000],330 000 [290 000 - 350 000],320 000 [290 000 - 350 000],320 000 [290 000 - 340 000],310 000 [290 000 - 340 000],310 000 [290 000 - 340 000],300 000 [280 000 - 330 000],290 000 [270 000 - 320 000],290 000 [260 000 - 310 000],280 000 [250 000 - 300 000],270 000 [250 000 - 300 000],260 000 [240 000 - 290 000],250 000 [230 000 - 280 000],240 000 [210 000 - 270 000],230 000 [200 000 - 260 000]
Norway,,,,,,,,,,,,,,,,,,,,,,,,,<500 [<200 - <1000]
Oman,<100 [<100 - <100],<100 [<100 - <200],<100 [<100 - <200],<100 [<100 - <200],<100 [<100 - <200],<100 [<100 - <200],<100 [<100 - <200],<100 [<100 - <200],<100 [<100 - <200],<200 [<100 - <200],<200 [<100 - <200],<200 [<100 - <200],<200 [<100 - <200],<200 [<100 - <200],<200 [<100 - <200],<200 [<100 - <200],<200 [<100 - <200],<200 [<100 - <200],<200 [<200 - <200],<200 [<200 - <200],<200 [<200 - <500],<200 [<200 - <500],<200 [<200 - <500],<200 [<200 - <500],<200 [<200 - <500]
Pakistan,,,,,,,,,,,,,,,,,,,,,,,,,20 000 [9700 - 50 000]
Panama,<500 [<200 - <1000],<500 [<500 - <1000],<1000 [<500 - <1000],<1000 [<1000 - 1300],1500 [1100 - 1900],2000 [1500 - 2500],2400 [1900 - 3100],2700 [2000 - 3500],2800 [2100 - 3500],2600 [2000 - 3400],2300 [1700 - 3000],1700 [1300 - 2200],1300 [<1000 - 1700],<1000 [<1000 - 1400],<1000 [<500 - 1000],<1000 [<500 - <1000],<500 [<500 - <1000],<500 [<500 - <1000],<500 [<500 - <1000],<500 [<500 - <1000],<500 [<500 - <1000],<1000 [<500 - <1000],<1000 [<500 - <1000],<1000 [<500 - <1000],<1000 [<500 - 1000]
Papua New Guinea,<1000 [<500 - 1000],<1000 [<500 - 1500],1300 [<1000 - 2100],1800 [1100 - 2700],2300 [1500 - 3200],2900 [2100 - 3700],3400 [2700 - 4200],3800 [3200 - 4500],4200 [3600 - 4800],4400 [3900 - 5000],4800 [4300 - 5500],4500 [4000 - 5100],4200 [3800 - 4800],3700 [3300 - 4200],3300 [2900 - 3700],2900 [2600 - 3200],2500 [2200 - 2800],2200 [2000 - 2500],2000 [1800 - 2300],1900 [1700 - 2200],1900 [1600 - 2200],1900 [1600 - 2300],2000 [1600 - 2400],2000 [1600 - 2400],2000 [1500 - 2500]
Paraguay,,,,,,,,,,,,,,,,,,,,,,,,,1900 [<1000 - 4700]
Peru,,,,,,,,,,,,,,,,,,,,,,,,,2300 [1500 - 3800]
Philippines,,,,,,,,,,,,,,,,,,,,,,,,,6400 [1500 - 12 000]
Poland,,,,,,,,,,,,,,,,,,,,,,,,,<1000 [<500 - 1800]
Republic of Moldova,<200 [<100 - <1000],<500 [<200 - <1000],<500 [<500 - 1200],<1000 [<500 - 1100],<1000 [<1000 - 1100],<1000 [<1000 - 1200],1100 [<1000 - 1400],1300 [1100 - 1500],1400 [1200 - 1600],1400 [1200 - 1700],1400 [1300 - 1700],1400 [1200 - 1700],1400 [1200 - 1700],1500 [1200 - 1800],1500 [1300 - 1800],1500 [1300 - 1900],1600 [1400 - 2000],1700 [1400 - 2000],1700 [1500 - 2100],1800 [1500 - 2100],1800 [1500 - 2200],1800 [1500 - 2100],1700 [1500 - 2100],1700 [1400 - 2000],1600 [1300 - 2000]
Russian Federation,,,,,,,,,,,,,,,,,,,,,,,,,110 000 [96 000 - 120 000]
Rwanda,32 000 [27 000 - 37 000],32 000 [28 000 - 38 000],31 000 [27 000 - 37 000],29 000 [25 000 - 34 000],27 000 [23 000 - 31 000],25 000 [22 000 - 29 000],24 000 [22 000 - 27 000],23 000 [21 000 - 26 000],22 000 [19 000 - 24 000],20 000 [18 000 - 22 000],18 000 [16 000 - 21 000],16 000 [14 000 - 18 000],15 000 [13 000 - 17 000],14 000 [12 000 - 15 000],12 000 [11 000 - 14 000],11 000 [9800 - 13 000],10 000 [8900 - 12 000],9300 [7900 - 11 000],8600 [7100 - 10 000],8200 [6700 - 9800],7900 [6200 - 9600],6500 [4900 - 8300],6400 [4400 - 9100],6300 [4400 - 8400],6200 [4300 - 8200]
Sao Tome and Principe,<200 [<100 - <1000],<500 [<100 - 1800],<500 [<100 - <1000],<200 [<100 - <500],<200 [<100 - <500],<200 [<100 - <200],<200 [<100 - <200],<200 [<100 - <200],<200 [<200 - <500],<200 [<200 - <500],<200 [<200 - <500],<200 [<200 - <500],<200 [<200 - <200],<200 [<100 - <200],<200 [<100 - <200],<100 [<100 - <200],<100 [<100 - <100],<100 [<100 - <100],<100 [<100 - <100],<100 [<100 - <100],<100 [<100 - <100],<100 [<100 - <100],<100 [<100 - <100],<100 [<100 - <100],<100 [<100 - <100]
Senegal,1100 [<1000 - 1500],1300 [1000 - 1800],1700 [1300 - 2200],2000 [1600 - 2600],2500 [2000 - 3200],3200 [2500 - 4000],3900 [3100 - 4900],4800 [3900 - 5800],5600 [4600 - 6800],6400 [5300 - 7800],6800 [5700 - 8300],7200 [6000 - 8700],6900 [5800 - 8400],6400 [5300 - 7800],5600 [4600 - 6700],4600 [3900 - 5600],3600 [3000 - 4500],2700 [2100 - 3400],1900 [1300 - 2500],1400 [<1000 - 1900],1100 [<1000 - 1600],1200 [<1000 - 1900],1200 [<1000 - 1900],1100 [<1000 - 1800],1000 [<1000 - 1700]
Sierra Leone,<200 [<100 - <500],<500 [<200 - <1000],<1000 [<500 - 1100],<1000 [<500 - 1600],1400 [<1000 - 2300],2000 [1100 - 3000],2700 [1700 - 3800],3400 [2400 - 4500],4200 [3200 - 5200],4900 [4000 - 5900],5700 [4700 - 6800],6200 [5300 - 7400],6700 [5800 - 8100],7000 [6000 - 8300],7000 [5900 - 8300],6600 [5600 - 7900],6000 [5100 - 7100],5300 [4600 - 6300],4600 [3900 - 5400],4100 [3400 - 4900],3700 [2900 - 4500],3400 [2500 - 4200],3000 [2200 - 3900],3000 [2100 - 3900],2600 [1700 - 3500]
Slovakia,,,,,,,,,,,,,,,,,,,,,,,,,<100 [<100 - <200]
Slovenia,,,,,,,,,,,,,,,,,,,,,,,,,<100 [<100 - <200]
Somalia,1200 [<200 - 4800],1700 [<500 - 6000],2200 [<500 - 5900],2600 [<1000 - 6600],3100 [1100 - 7700],3500 [1600 - 7400],3800 [2000 - 7100],4100 [2400 - 7300],4200 [2500 - 7300],4200 [2700 - 7000],3800 [2600 - 6000],3700 [2500 - 5400],3600 [2500 - 5200],3500 [2400 - 5000],3400 [2500 - 4900],3300 [2400 - 4700],3300 [2500 - 4700],3300 [2400 - 4600],3200 [2400 - 4400],3200 [2300 - 4400],3200 [2200 - 4500],3200 [2200 - 4500],3200 [2000 - 4600],3000 [1800 - 4400],3300 [1800 - 4900]
South Africa,55 000 [49 000 - 62 000],110 000 [100 000 - 130 000],210 000 [190 000 - 230 000],330 000 [300 000 - 370 000],470 000 [420 000 - 520 000],580 000 [530 000 - 640 000],660 000 [610 000 - 720 000],690 000 [640 000 - 760 000],680 000 [640 000 - 750 000],650 000 [610 000 - 690 000],600 000 [570 000 - 650 000],570 000 [530 000 - 610 000],550 000 [510 000 - 580 000],530 000 [490 000 - 560 000],510 000 [480 000 - 550 000],490 000 [460 000 - 530 000],480 000 [450 000 - 520 000],480 000 [450 000 - 510 000],480 000 [450 000 - 510 000],440 000 [410 000 - 480 000],420 000 [390 000 - 460 000],410 000 [380 000 - 440 000],390 000 [360 000 - 420 000],350 000 [320 000 - 380 000],340 000 [310 000 - 370 000]
South Sudan,,,,,,,,,,,,,,,,,,,,,,,,,18 000 [8400 - 27 000]
Sri Lanka,<100 [<100 - <200],<100 [<100 - <500],<100 [<100 - <200],<100 [<100 - <500],<100 [<100 - <500],<100 [<100 - <500],<100 [<100 - <500],<100 [<100 - <500],<200 [<100 - <500],<200 [<100 - <500],<200 [<100 - <500],<200 [<100 - <200],<200 [<100 - <200],<200 [<200 - <500],<200 [<200 - <500],<500 [<200 - <500],<500 [<200 - <1000],<500 [<500 - <1000],<500 [<500 - <1000],<500 [<200 - <1000],<500 [<200 - <1000],<500 [<200 - <1000],<500 [<200 - <1000],<500 [<200 - <1000],<500 [<200 - <1000]
Sudan,,,,,,,,,,,,,,,,,,,,,,,,,5200 [2100 - 10 000]
Suriname,<200 [<100 - <1000],<200 [<100 - <1000],<500 [<200 - <1000],<500 [<200 - <500],<500 [<200 - <500],<500 [<200 - <500],<500 [<500 - <500],<500 [<500 - <500],<500 [<500 - <500],<500 [<500 - <500],<500 [<500 - <1000],<500 [<500 - <500],<500 [<500 - <500],<500 [<500 - <500],<500 [<500 - <500],<500 [<200 - <500],<500 [<200 - <500],<200 [<200 - <500],<200 [<200 - <500],<200 [<200 - <500],<200 [<200 - <500],<200 [<200 - <500],<200 [<200 - <500],<200 [<200 - <500],<200 [<200 - <500]
Swaziland,4100 [3400 - 4800],7100 [6000 - 8300],11 000 [9400 - 13 000],14 000 [13 000 - 16 000],17 000 [16 000 - 19 000],19 000 [17 000 - 21 000],20 000 [18 000 - 22 000],19 000 [18 000 - 21 000],19 000 [18 000 - 20 000],18 000 [17 000 - 19 000],17 000 [16 000 - 18 000],17 000 [16 000 - 18 000],16 000 [15 000 - 17 000],16 000 [15 000 - 17 000],16 000 [15 000 - 17 000],16 000 [15 000 - 16 000],15 000 [14 000 - 16 000],15 000 [14 000 - 15 000],14 000 [14 000 - 15 000],14 000 [13 000 - 14 000],14 000 [13 000 - 15 000],12 000 [11 000 - 14 000],12 000 [11 000 - 13 000],11 000 [9500 - 12 000],9600 [8300 - 11 000]
Sweden,,,,,,,,,,,,,,,,,,,,,,,,,<500 [<100 - <1000]
Syrian Arab Republic,,,,,,,,,,,,,,,,,,,,,,,,,<100 [<100 - <200]
Tajikistan,<200 [<100 - <500],<200 [<100 - <1000],<500 [<100 - 1100],<500 [<100 - 1500],<1000 [<100 - 1800],<1000 [<200 - 2100],1100 [<500 - 2200],1400 [<500 - 2400],1500 [<1000 - 2500],1500 [<1000 - 2400],1500 [<1000 - 2300],1300 [<1000 - 1900],1200 [<1000 - 1800],1100 [<1000 - 1700],1200 [<1000 - 1800],1200 [<1000 - 1800],1300 [<1000 - 1900],1400 [1100 - 1900],1500 [1100 - 1900],1600 [1200 - 2100],1700 [1300 - 2200],1700 [1300 - 2400],1800 [1200 - 2500],1700 [1100 - 2600],1700 [1100 - 2700]
Thailand,140 000 [130 000 - 180 000],150 000 [140 000 - 190 000],120 000 [85 000 - 140 000],98 000 [67 000 - 130 000],74 000 [48 000 - 97 000],57 000 [39 000 - 64 000],46 000 [41 000 - 61 000],39 000 [32 000 - 49 000],34 000 [31 000 - 47 000],30 000 [24 000 - 50 000],27 000 [22 000 - 44 000],24 000 [21 000 - 38 000],22 000 [21 000 - 36 000],19 000 [17 000 - 29 000],17 000 [13 000 - 26 000],15 000 [9700 - 18 000],14 000 [8800 - 18 000],13 000 [8500 - 17 000],12 000 [10 000 - 18 000],11 000 [7000 - 13 000],10 000 [4800 - 13 000],9700 [6100 - 19 000],8900 [5800 - 22 000],8300 [4500 - 16 000],7900 [3700 - 13 000]
Togo,5400 [4000 - 7100],6500 [4900 - 8500],7500 [5700 - 9700],8700 [6600 - 11 000],9900 [7600 - 13 000],11 000 [8800 - 14 000],12 000 [9600 - 16 000],13 000 [10 000 - 16 000],14 000 [11 000 - 17 000],14 000 [11 000 - 17 000],13 000 [10 000 - 16 000],12 000 [9800 - 15 000],12 000 [9400 - 14 000],11 000 [8800 - 13 000],10 000 [8400 - 12 000],9600 [7900 - 12 000],9100 [7500 - 11 000],8700 [7200 - 11 000],8100 [6600 - 10 000],7600 [6100 - 9400],6900 [5500 - 8700],5400 [4100 - 7100],5000 [3700 - 6600],4700 [3400 - 6200],4400 [3100 - 5900]
Tunisia,<100 [<100 - <200],<100 [<100 - <100],<100 [<100 - <100],<100 [<100 - <200],<100 [<100 - <200],<100 [<100 - <200],<100 [<100 - <200],<100 [<100 - <200],<100 [<100 - <200],<100 [<100 - <200],<100 [<100 - <200],<100 [<100 - <200],<100 [<100 - <200],<200 [<100 - <200],<200 [<100 - <500],<200 [<100 - <500],<200 [<100 - <500],<200 [<200 - <500],<500 [<200 - <500],<500 [<200 - <500],<500 [<200 - <500],<500 [<200 - <500],<500 [<200 - <500],<500 [<200 - <1000],<500 [<200 - <1000]
Uganda,150 000 [120 000 - 200 000],130 000 [90 000 - 180 000],110 000 [66 000 - 170 000],93 000 [66 000 - 160 000],79 000 [68 000 - 110 000],71 000 [63 000 - 82 000],66 000 [58 000 - 74 000],64 000 [57 000 - 73 000],65 000 [57 000 - 73 000],67 000 [60 000 - 76 000],70 000 [63 000 - 79 000],74 000 [66 000 - 82 000],80 000 [72 000 - 90 000],87 000 [78 000 - 97 000],94 000 [85 000 - 200 000],100 000 [46 000 - 210 000],110 000 [57 000 - 130 000],110 000 [100 000 - 130 000],120 000 [110 000 - 130 000],130 000 [110 000 - 140 000],140 000 [120 000 - 150 000],130 000 [110 000 - 150 000],110 000 [88 000 - 130 000],110 000 [83 000 - 140 000],100 000 [74 000 - 130 000]
United Republic of Tanzania,140 000 [120 000 - 160 000],150 000 [130 000 - 180 000],160 000 [140 000 - 180 000],160 000 [140 000 - 190 000],160 000 [140 000 - 190 000],160 000 [140 000 - 180 000],160 000 [140 000 - 180 000],160 000 [140 000 - 170 000],150 000 [140 000 - 170 000],150 000 [130 000 - 160 000],150 000 [130 000 - 160 000],140 000 [130 000 - 150 000],140 000 [130 000 - 150 000],140 000 [120 000 - 150 000],130 000 [120 000 - 140 000],130 000 [120 000 - 140 000],120 000 [110 000 - 130 000],110 000 [100 000 - 130 000],110 000 [96 000 - 120 000],100 000 [90 000 - 110 000],87 000 [76 000 - 100 000],82 000 [70 000 - 95 000],76 000 [65 000 - 90 000],68 000 [58 000 - 81 000],62 000 [51 000 - 75 000]
Uruguay,,,,,,,,,,,,,,,,,,,,,,,,,<1000 [<500 - <1000]
Uzbekistan,,,,,,,,,,,,,,,,,,,,,,,,,<500 [<500 - <1000]
Venezuela (Bolivarian Republic of),,,,,,,,,,,,,,,,,,,,,,,,,5500 [2400 - 9900]
Viet Nam,<200 [<200 - <500],<500 [<500 - <500],<1000 [<1000 - <1000],1700 [1500 - 1800],3400 [3100 - 3800],6600 [6000 - 7200],12 000 [10 000 - 13 000],17 000 [15 000 - 19 000],21 000 [19 000 - 23 000],24 000 [22 000 - 26 000],25 000 [23 000 - 28 000],27 000 [24 000 - 29 000],26 000 [24 000 - 29 000],27 000 [24 000 - 29 000],26 000 [24 000 - 29 000],26 000 [23 000 - 28 000],24 000 [21 000 - 26 000],21 000 [19 000 - 23 000],20 000 [18 000 - 22 000],19 000 [18 000 - 21 000],19 000 [17 000 - 20 000],18 000 [16 000 - 20 000],17 000 [15 000 - 19 000],16 000 [14 000 - 17 000],15 000 [13 000 - 16 000]
Yemen,,,,,,,,,,,,,,,,,,,,,,,,,<1000 [<500 - 1500]
Zambia,73 000 [66 000 - 79 000],73 000 [66 000 - 79 000],75 000 [68 000 - 81 000],77 000 [71 000 - 83 000],79 000 [73 000 - 85 000],82 000 [76 000 - 87 000],84 000 [79 000 - 89 000],86 000 [81 000 - 92 000],88 000 [82 000 - 93 000],89 000 [83 000 - 94 000],89 000 [83 000 - 94 000],88 000 [83 000 - 94 000],87 000 [82 000 - 92 000],86 000 [81 000 - 91 000],83 000 [79 000 - 88 000],80 000 [76 000 - 85 000],78 000 [73 000 - 82 000],73 000 [69 000 - 78 000],69 000 [65 000 - 74 000],65 000 [60 000 - 69 000],69 000 [64 000 - 74 000],67 000 [62 000 - 72 000],64 000 [59 000 - 69 000],59 000 [54 000 - 64 000],56 000 [51 000 - 62 000]
Zimbabwe,190 000 [180 000 - 200 000],230 000 [220 000 - 240 000],260 000 [240 000 - 270 000],270 000 [250 000 - 290 000],270 000 [250 000 - 280 000],260 000 [240 000 - 270 000],240 000 [220 000 - 250 000],210 000 [200 000 - 220 000],190 000 [180 000 - 200 000],170 000 [160 000 - 170 000],150 000 [140 000 - 150 000],130 000 [120 000 - 140 000],120 000 [110 000 - 130 000],110 000 [100 000 - 120 000],100 000 [98 000 - 110 000],98 000 [94 000 - 100 000],94 000 [90 000 - 99 000],92 000 [87 000 - 97 000],90 000 [85 000 - 95 000],88 000 [83 000 - 94 000],85 000 [79 000 - 90 000],81 000 [75 000 - 87 000],69 000 [64 000 - 75 000],65 000 [59 000 - 72 000],64 000 [57 000 - 71 000]
Global,2 000 000 [1 800 000 - 2 300 000],2 300 000 [2 100 000 - 2 500 000],2 500 000 [2 300 000 - 2 800 000],2 800 000 [2 500 000 - 3 100 000],3 100 000 [2 900 000 - 3 400 000],3 300 000 [3 100 000 - 3 500 000],3 400 000 [3 200 000 - 3 600 000],3 400 000 [3 200 000 - 3 600 000],3 400 000 [3 200 000 - 3 500 000],3 200 000 [3 100 000 - 3 400 000],3 100 000 [3 000 000 - 3 300 000],3 000 000 [2 900 000 - 3 200 000],2 900 000 [2 800 000 - 3 100 000],2 800 000 [2 700 000 - 3 000 000],2 700 000 [2 600 000 - 2 900 000],2 700 000 [2 500 000 - 2 800 000],2 600 000 [2 400 000 - 2 700 000],2 500 000 [2 400 000 - 2 700 000],2 400 000 [2 300 000 - 2 600 000],2 400 000 [2 200 000 - 2 500 000],2 300 000 [2 200 000 - 2 500 000],2 300 000 [2 100 000 - 2 400 000],2 200 000 [2 000 000 - 2 400 000],2 100 000 [1 900 000 - 2 300 000],2 000 000 [1 900 000 - 2 200 000]
